INSERT INTO public.rmx_usr_nodos ( usn_user_id, usn_nodo_id,usn_usr_id) 
VALUES(1,97,1),
(2,97,1),
(3,97,1),
(4,97,1),
(5,97,1),
(6,97,1),
(7,97,1),
(8,97,1),
(9,97,1),
(10,97,1),
(11,97,1),
(12,97,1),
(13,97,1),
(14,97,1),
(15,97,1),
(16,97,1),
(17,97,1),
(18,97,1),
(19,97,1),
(20,97,1),
(21,97,1),
(22,97,1),
(23,97,1),
(24,97,1),
(25,97,1),
(26,97,1),
(27,97,1),
(28,97,1),
(29,97,1),
(30,97,1),
(31,97,1),
(32,97,1),
(33,97,1),
(34,97,1),
(35,97,1),
(36,97,1),
(37,97,1),
(38,97,1),
(39,97,1),
(40,97,1),
(41,97,1),
(42,97,1),
(43,97,1),
(44,97,1),
(45,97,1),
(46,97,1),
(47,97,1),
(48,97,1),
(49,97,1),
(50,97,1),
(51,97,1),
(52,97,1),
(53,97,1),
(54,97,1),
(55,97,1),
(56,97,1),
(57,97,1),
(58,97,1),
(59,97,1),
(60,97,1),
(61,97,1),
(62,97,1),
(63,97,1),
(64,97,1),
(65,97,1),
(66,97,1),
(67,97,1),
(68,97,1),
(69,97,1),
(70,97,1),
(71,97,1),
(72,97,1),
(73,97,1),
(74,97,1),
(75,97,1),
(76,97,1),
(77,97,1),
(78,97,1),
(79,97,1),
(80,97,1),
(81,97,1),
(82,97,1),
(83,97,1),
(84,97,1),
(85,97,1),
(86,97,1),
(87,97,1),
(88,97,1),
(89,97,1),
(90,97,1),
(91,97,1),
(92,97,1),
(93,97,1),
(94,97,1),
(95,97,1),
(96,97,1),
(97,97,1),
(98,97,1),
(99,97,1),
(100,97,1),
(101,97,1),
(102,97,1),
(103,97,1),
(104,97,1),
(105,97,1),
(106,97,1),
(107,97,1),
(108,97,1),
(109,97,1),
(110,97,1),
(111,97,1),
(112,97,1),
(113,97,1),
(114,97,1),
(115,97,1),
(116,97,1),
(117,97,1),
(118,97,1),
(119,97,1),
(120,97,1),
(121,97,1),
(122,97,1),
(123,97,1),
(124,97,1),
(125,97,1),
(126,97,1),
(127,97,1),
(128,97,1),
(129,97,1),
(130,97,1),
(131,97,1),
(132,97,1),
(133,97,1),
(134,97,1),
(135,97,1),
(136,97,1),
(137,97,1),
(138,97,1),
(139,97,1),
(140,97,1),
(141,97,1),
(142,97,1),
(143,97,1),
(144,97,1),
(145,97,1),
(146,97,1),
(147,97,1),
(148,97,1),
(149,97,1),
(150,97,1),
(151,97,1),
(152,97,1),
(153,97,1),
(154,97,1),
(155,97,1),
(156,97,1),
(157,97,1),
(158,97,1),
(159,97,1),
(160,97,1),
(161,97,1),
(162,97,1),
(163,97,1),
(164,97,1),
(165,97,1),
(166,97,1),
(167,97,1),
(168,97,1),
(169,97,1),
(170,97,1),
(171,97,1),
(172,97,1),
(173,97,1),
(174,97,1),
(175,97,1),
(176,97,1),
(177,97,1),
(178,97,1),
(179,97,1),
(180,97,1),
(181,97,1),
(182,97,1),
(183,97,1),
(184,97,1),
(185,97,1),
(186,97,1),
(187,97,1),
(188,97,1),
(189,97,1),
(190,97,1),
(191,97,1),
(192,97,1),
(193,97,1),
(194,97,1),
(195,97,1),
(196,97,1),
(197,97,1),
(198,97,1),
(199,97,1),
(200,97,1),
(201,97,1),
(202,97,1),
(203,97,1),
(204,97,1),
(205,97,1),
(206,97,1),
(207,97,1),
(208,97,1),
(209,97,1),
(210,97,1),
(211,97,1),
(212,97,1),
(213,97,1),
(214,97,1),
(215,97,1),
(216,97,1),
(217,97,1),
(218,97,1),
(219,97,1),
(220,97,1),
(221,97,1),
(222,97,1),
(223,97,1),
(224,97,1),
(225,97,1),
(226,97,1),
(227,97,1),
(228,97,1),
(229,97,1),
(230,97,1),
(231,97,1),
(232,97,1),
(233,97,1),
(234,97,1),
(235,97,1),
(236,97,1),
(237,97,1),
(238,97,1),
(239,97,1),
(240,97,1),
(241,97,1),
(242,97,1),
(243,97,1),
(244,97,1),
(245,97,1),
(246,97,1),
(247,97,1),
(248,97,1),
(249,97,1),
(250,97,1),
(251,97,1),
(252,97,1),
(253,97,1),
(254,97,1),
(255,97,1),
(256,97,1),
(257,97,1),
(258,97,1),
(259,97,1),
(260,97,1),
(261,97,1),
(262,97,1),
(263,97,1),
(264,97,1),
(265,97,1),
(266,97,1),
(267,97,1),
(268,97,1),
(269,97,1),
(270,97,1),
(271,97,1),
(272,97,1),
(273,97,1),
(274,97,1),
(275,97,1),
(276,97,1),
(277,97,1),
(278,97,1),
(279,97,1),
(280,97,1),
(281,97,1),
(282,97,1),
(283,97,1),
(284,97,1),
(285,97,1),
(286,97,1),
(287,97,1),
(288,97,1),
(289,97,1),
(290,97,1),
(291,97,1),
(292,97,1),
(293,97,1),
(294,97,1),
(295,97,1),
(296,97,1),
(297,97,1),
(298,97,1),
(299,97,1),
(300,97,1),
(301,97,1),
(302,97,1),
(303,97,1),
(304,97,1),
(305,97,1),
(306,97,1),
(307,97,1),
(308,97,1),
(309,97,1),
(310,97,1),
(311,97,1),
(312,97,1),
(313,97,1),
(314,97,1),
(315,97,1),
(316,97,1),
(317,97,1),
(318,97,1),
(319,97,1),
(320,97,1),
(321,97,1),
(322,97,1),
(323,97,1),
(324,97,1),
(325,97,1),
(326,97,1),
(327,97,1),
(328,97,1),
(329,97,1),
(330,97,1),
(331,97,1),
(332,97,1),
(333,97,1),
(334,97,1),
(335,97,1),
(336,97,1),
(337,97,1),
(338,97,1),
(339,97,1),
(340,97,1),
(341,97,1),
(342,97,1),
(343,97,1),
(344,97,1),
(345,97,1),
(346,97,1),
(347,97,1),
(348,97,1),
(349,97,1),
(350,97,1),
(351,97,1),
(352,97,1),
(353,97,1),
(354,97,1),
(355,97,1),
(356,97,1),
(357,97,1),
(358,97,1),
(359,97,1),
(360,97,1),
(361,97,1),
(362,97,1),
(363,97,1),
(364,97,1),
(365,97,1),
(366,97,1),
(367,97,1),
(368,97,1),
(369,97,1),
(370,97,1),
(371,97,1),
(372,97,1),
(373,97,1),
(374,97,1),
(375,97,1),
(376,97,1),
(377,97,1),
(378,97,1),
(379,97,1),
(380,97,1),
(381,97,1),
(382,97,1),
(383,97,1),
(384,97,1),
(385,97,1),
(386,97,1),
(387,97,1),
(388,97,1),
(389,97,1),
(390,97,1),
(391,97,1),
(392,97,1),
(393,97,1),
(394,97,1),
(395,97,1),
(396,97,1),
(397,97,1),
(398,97,1),
(399,97,1),
(400,97,1),
(401,97,1),
(402,97,1),
(403,97,1),
(404,97,1),
(405,97,1),
(406,97,1),
(407,97,1),
(408,97,1),
(409,97,1),
(410,97,1),
(411,97,1),
(412,97,1),
(413,97,1),
(414,97,1),
(415,97,1),
(416,97,1),
(417,97,1),
(418,97,1),
(419,97,1),
(420,97,1),
(421,97,1),
(422,97,1),
(423,97,1),
(424,97,1),
(425,97,1),
(426,97,1),
(427,97,1),
(428,97,1),
(429,97,1),
(430,97,1),
(431,97,1),
(432,97,1),
(433,97,1),
(434,97,1),
(435,97,1),
(436,97,1),
(437,97,1),
(438,97,1),
(439,97,1),
(440,97,1),
(441,97,1),
(442,97,1),
(443,97,1),
(444,97,1),
(445,97,1),
(446,97,1),
(447,97,1),
(448,97,1),
(449,97,1),
(450,97,1),
(451,97,1),
(452,97,1),
(453,97,1),
(454,97,1),
(455,97,1),
(456,97,1),
(457,97,1),
(458,97,1),
(459,97,1),
(460,97,1),
(461,97,1),
(462,97,1),
(463,97,1),
(464,97,1),
(465,97,1),
(466,97,1),
(467,97,1),
(468,97,1),
(469,97,1),
(470,97,1),
(471,97,1),
(472,97,1),
(473,97,1),
(474,97,1),
(475,97,1),
(476,97,1),
(477,97,1),
(478,97,1),
(479,97,1),
(480,97,1),
(481,97,1),
(482,97,1),
(483,97,1),
(484,97,1),
(485,97,1),
(486,97,1),
(487,97,1),
(488,97,1),
(489,97,1),
(490,97,1),
(491,97,1),
(492,97,1),
(493,97,1),
(494,97,1),
(495,97,1),
(496,97,1),
(497,97,1),
(498,97,1),
(499,97,1),
(500,97,1),
(501,97,1),
(502,97,1),
(503,97,1),
(504,97,1),
(505,97,1),
(506,97,1),
(507,97,1),
(508,97,1),
(509,97,1),
(510,97,1),
(511,97,1),
(512,97,1),
(513,97,1),
(514,97,1),
(515,97,1),
(516,97,1),
(517,97,1),
(518,97,1),
(519,97,1),
(520,97,1),
(521,97,1),
(522,97,1),
(523,97,1),
(524,97,1),
(525,97,1),
(526,97,1),
(527,97,1),
(528,97,1),
(529,97,1),
(530,97,1),
(531,97,1),
(532,97,1),
(533,97,1),
(534,97,1),
(535,97,1),
(536,97,1),
(537,97,1),
(538,97,1),
(539,97,1),
(540,97,1),
(541,97,1),
(542,97,1),
(543,97,1),
(544,97,1),
(545,97,1),
(546,97,1),
(547,97,1),
(548,97,1),
(549,97,1),
(550,97,1),
(551,97,1),
(552,97,1),
(553,97,1),
(554,97,1),
(555,97,1),
(556,97,1),
(557,97,1),
(558,97,1),
(559,97,1),
(560,97,1),
(561,97,1),
(562,97,1),
(563,97,1),
(564,97,1),
(565,97,1),
(566,97,1),
(567,97,1),
(568,97,1),
(569,97,1),
(570,97,1),
(571,97,1),
(572,97,1),
(573,97,1),
(574,97,1),
(575,97,1),
(576,97,1),
(577,97,1),
(578,97,1),
(579,97,1),
(580,97,1),
(581,97,1),
(582,97,1),
(583,97,1),
(584,97,1),
(585,97,1),
(586,97,1),
(587,97,1),
(588,97,1),
(589,97,1),
(590,97,1),
(591,97,1),
(592,97,1),
(593,97,1),
(594,97,1),
(595,97,1),
(596,97,1),
(597,97,1),
(598,97,1),
(599,97,1),
(600,97,1),
(601,97,1),
(602,97,1),
(603,97,1),
(604,97,1),
(605,97,1),
(606,97,1),
(607,97,1),
(608,97,1),
(609,97,1),
(610,97,1),
(611,97,1),
(612,97,1),
(613,97,1),
(614,97,1),
(615,97,1),
(616,97,1),
(617,97,1),
(618,97,1),
(619,97,1),
(620,97,1),
(621,97,1),
(622,97,1),
(623,97,1),
(624,97,1),
(625,97,1),
(626,97,1),
(627,97,1),
(628,97,1),
(629,97,1),
(630,97,1),
(631,97,1),
(632,97,1),
(633,97,1),
(634,97,1),
(635,97,1),
(636,97,1),
(637,97,1),
(638,97,1),
(639,97,1),
(640,97,1),
(641,97,1),
(642,97,1),
(643,97,1),
(644,97,1),
(645,97,1),
(646,97,1),
(647,97,1),
(648,97,1),
(649,97,1),
(650,97,1),
(651,97,1),
(652,97,1),
(653,97,1),
(654,97,1),
(655,97,1),
(656,97,1),
(657,97,1),
(658,97,1),
(659,97,1),
(660,97,1),
(661,97,1),
(662,97,1),
(663,97,1),
(664,97,1),
(665,97,1),
(666,97,1),
(667,97,1),
(668,97,1),
(669,97,1),
(670,97,1),
(671,97,1),
(672,97,1),
(673,97,1),
(674,97,1),
(675,97,1),
(676,97,1),
(677,97,1),
(678,97,1),
(679,97,1),
(680,97,1),
(681,97,1),
(682,97,1),
(683,97,1),
(684,97,1),
(685,97,1),
(686,97,1),
(687,97,1),
(688,97,1),
(689,97,1),
(690,97,1),
(691,97,1),
(692,97,1),
(693,97,1),
(694,97,1),
(695,97,1),
(696,97,1),
(697,97,1),
(698,97,1),
(699,97,1),
(700,97,1),
(701,97,1),
(702,97,1),
(703,97,1),
(704,97,1),
(705,97,1),
(706,97,1),
(707,97,1),



INSERT INTO public.rmx_usr_nodos ( usn_user_id, usn_nodo_id,usn_usr_id) VALUES(82,96,1),
(106,96,1),
(617,96,1),
(140,96,1),
(107,96,1),
(45,96,1),
(376,96,1),
(535,96,1),
(454,96,1),
(303,96,1),
(28,96,1),
(457,96,1),
(243,96,1),
(459,96,1),
(85,96,1),
(307,96,1),
(308,96,1),
(86,96,1),
(146,96,1),
(87,96,1),
(68,96,1),
(313,96,1),
(114,96,1),
(389,96,1),
(193,96,1),
(20,96,1),
(252,96,1),
(57,96,1),
(254,96,1),
(557,96,1),
(320,96,1),
(71,96,1),
(118,96,1),
(198,96,1),
(562,96,1),
(119,96,1),
(25,96,1),
(121,96,1),
(26,96,1),
(203,96,1),
(329,96,1),
(330,96,1),
(331,96,1),
(263,96,1),
(333,96,1),
(660,96,1),
(661,96,1),
(662,96,1),
(409,96,1),
(204,96,1),
(205,96,1),
(158,96,1),
(337,96,1),
(94,96,1),
(160,96,1),
(161,96,1),
(162,96,1),
(163,96,1),
(74,96,1),
(165,96,1),
(96,96,1),
(215,96,1),
(677,96,1),
(4,96,1),
(217,96,1),
(349,96,1),
(350,96,1),
(682,96,1),
(168,96,1),
(219,96,1),
(220,96,1),
(38,96,1),
(595,96,1),
(282,96,1),
(597,96,1),
(222,96,1),
(691,96,1),
(128,96,1),
(62,96,1),
(172,96,1),
(130,96,1),
(131,96,1),
(228,96,1),
(132,96,1),
(440,96,1),
(230,96,1),
(52,96,1),
(101,96,1),
(524,96,1),
(233,96,1),
(79,96,1),
(64,96,1),
(53,96,1);


INSERT INTO public.rmx_usr_nodos ( usn_user_id, usn_nodo_id, usn_usr_id) VALUES(743,82, 1),
(744,82, 1),
(745,82, 1),
(746,82, 1),
(747,82, 1),
(748,82, 1),
(749,82, 1),
(750,82, 1),
(751,82, 1),
(752,82, 1),
(753,82, 1),
(169,82, 1),
(644,82, 1),
(645,82, 1),
(646,82, 1),
(317,82, 1);


INSERT INTO public.rmx_usr_nodos ( usn_user_id, usn_nodo_id,  usn_usr_id) VALUES( 708 , 57 ,  1),
( 709 , 57 ,  1),
( 710 , 57 ,  1),
( 711 , 57 ,  1),
( 712 , 57 ,  1);

INSERT INTO public.rmx_usr_nodos ( usn_user_id, usn_nodo_id, usn_usr_id) VALUES(754,73, 1),
(755,73, 1),
(756,73, 1),
(757,73, 1),
(758,73, 1),
(760,73, 1),
(761,73, 1),
(762,73, 1),
(763,73, 1),
(764,73, 1),
(765,73, 1),
(766,73, 1);


-- gp_departamento definition

-- Drop table

-- DROP TABLE gp_departamento;

CREATE TABLE gp_departamento (
	id_sip_departamento bigserial NOT NULL,
	descripcion_dep varchar(200) NOT NULL,
	usu_cre varchar(25) NULL,
	fec_cre timestamp NULL DEFAULT now(),
	doc_estado varchar(10) NOT NULL DEFAULT 'A'::character varying,
	CONSTRAINT id_sip_departamento_pk PRIMARY KEY (id_sip_departamento)
);
INSERT INTO gp_departamento (id_sip_departamento, descripcion_dep, usu_cre, fec_cre, doc_estado) 
VALUES(1, 'BENI', 'admin', now(), 'A');
INSERT INTO gp_departamento (id_sip_departamento, descripcion_dep, usu_cre, fec_cre, doc_estado)
 VALUES(2, 'CHUQUISACA', 'admin', now(), 'A');
INSERT INTO gp_departamento (id_sip_departamento, descripcion_dep, usu_cre, fec_cre, doc_estado) 
VALUES(3, 'COCHABAMBA', 'admin', now(), 'A');
INSERT INTO gp_departamento (id_sip_departamento, descripcion_dep, usu_cre, fec_cre, doc_estado) 
VALUES(4, 'LA PAZ', 'admin', now(), 'A');
INSERT INTO gp_departamento (id_sip_departamento, descripcion_dep, usu_cre, fec_cre, doc_estado) 
VALUES(5, 'ORURO', 'admin', now(), 'A');
INSERT INTO gp_departamento (id_sip_departamento, descripcion_dep, usu_cre, fec_cre, doc_estado) 
VALUES(6, 'PANDO', 'admin', now(), 'A');
INSERT INTO gp_departamento (id_sip_departamento, descripcion_dep, usu_cre, fec_cre, doc_estado) 
VALUES(7, 'POTOSI', 'admin', now(), 'A');
INSERT INTO gp_departamento (id_sip_departamento, descripcion_dep, usu_cre, fec_cre, doc_estado) 
VALUES(8, 'SANTA CRUZ', 'admin', now(), 'A');
INSERT INTO gp_departamento (id_sip_departamento, descripcion_dep, usu_cre, fec_cre, doc_estado) 
VALUES(9, 'TARIJA', 'admin', now(), 'A');

-- gp_regional definition

-- Drop table

-- DROP TABLE gp_regional;

CREATE TABLE gp_regional (
	id_sip_regional bigserial NOT NULL,
	descripcion_doc varchar(200) NOT NULL,
	id_sip_departamento int4 NOT NULL,
	usu_cre varchar(25) NULL,
	fec_cre timestamp NULL DEFAULT now(),
	doc_estado varchar(10) NOT NULL DEFAULT 'A'::character varying,
	CONSTRAINT id_sip_regional_pk PRIMARY KEY (id_sip_regional)
);

INSERT INTO gp_regional (id_sip_regional, descripcion_doc, id_sip_departamento, usu_cre, fec_cre, doc_estado) VALUES(1, 'RIBERALTA', 1, 'admin', now(), 'A');
INSERT INTO gp_regional (id_sip_regional, descripcion_doc, id_sip_departamento, usu_cre, fec_cre, doc_estado) VALUES(2, 'MAGDALENA', 1, 'admin', now(), 'A');
INSERT INTO gp_regional (id_sip_regional, descripcion_doc, id_sip_departamento, usu_cre, fec_cre, doc_estado) VALUES(3, 'SANTA ANA DE YACUMA', 1, 'admin', now(), 'A');
INSERT INTO gp_regional (id_sip_regional, descripcion_doc, id_sip_departamento, usu_cre, fec_cre, doc_estado) VALUES(4, 'RURRENABAQUE', 1, 'admin', now(), 'A');
INSERT INTO gp_regional (id_sip_regional, descripcion_doc, id_sip_departamento, usu_cre, fec_cre, doc_estado) VALUES(5, 'MONTEAGUDO', 2, 'admin', now(), 'A');
INSERT INTO gp_regional (id_sip_regional, descripcion_doc, id_sip_departamento, usu_cre, fec_cre, doc_estado) VALUES(6, 'SUCRE', 2, 'admin', now(), 'A');
INSERT INTO gp_regional (id_sip_regional, descripcion_doc, id_sip_departamento, usu_cre, fec_cre, doc_estado) VALUES(8, 'CAMARGO', 2, 'admin', now(), 'A');
INSERT INTO gp_regional (id_sip_regional, descripcion_doc, id_sip_departamento, usu_cre, fec_cre, doc_estado) VALUES(9, 'COCHABAMBA', 3, 'admin', now(), 'A');
INSERT INTO gp_regional (id_sip_regional, descripcion_doc, id_sip_departamento, usu_cre, fec_cre, doc_estado) VALUES(16, 'IVIRGARZAMA', 3, 'admin', now(), 'A');
INSERT INTO gp_regional (id_sip_regional, descripcion_doc, id_sip_departamento, usu_cre, fec_cre, doc_estado) VALUES(17, 'AIQUILE', 3, 'admin', now(), 'A');
INSERT INTO gp_regional (id_sip_regional, descripcion_doc, id_sip_departamento, usu_cre, fec_cre, doc_estado) VALUES(18, 'LA PAZ', 4, 'admin', now(), 'A');
INSERT INTO gp_regional (id_sip_regional, descripcion_doc, id_sip_departamento, usu_cre, fec_cre, doc_estado) VALUES(27, 'EL ALTO', 4, 'admin', now(), 'A');
INSERT INTO gp_regional (id_sip_regional, descripcion_doc, id_sip_departamento, usu_cre, fec_cre, doc_estado) VALUES(29, 'CARANAVI', 4, 'admin', now(), 'A');
INSERT INTO gp_regional (id_sip_regional, descripcion_doc, id_sip_departamento, usu_cre, fec_cre, doc_estado) VALUES(30, 'COPACABANA', 4, 'admin', now(), 'A');
INSERT INTO gp_regional (id_sip_regional, descripcion_doc, id_sip_departamento, usu_cre, fec_cre, doc_estado) VALUES(31, 'ORURO', 5, 'admin', now(), 'A');
INSERT INTO gp_regional (id_sip_regional, descripcion_doc, id_sip_departamento, usu_cre, fec_cre, doc_estado) VALUES(33, 'COBIJA', 6, 'admin', now(), 'A');
INSERT INTO gp_regional (id_sip_regional, descripcion_doc, id_sip_departamento, usu_cre, fec_cre, doc_estado) VALUES(34, 'POTOSI', 7, 'admin', now(), 'A');
INSERT INTO gp_regional (id_sip_regional, descripcion_doc, id_sip_departamento, usu_cre, fec_cre, doc_estado) VALUES(35, 'TUPIZA', 7, 'admin', now(), 'A');
INSERT INTO gp_regional (id_sip_regional, descripcion_doc, id_sip_departamento, usu_cre, fec_cre, doc_estado) VALUES(36, 'POTOSI', 7, 'admin', now(), 'A');
INSERT INTO gp_regional (id_sip_regional, descripcion_doc, id_sip_departamento, usu_cre, fec_cre, doc_estado) VALUES(37, 'UYUNI', 7, 'admin', now(), 'A');
INSERT INTO gp_regional (id_sip_regional, descripcion_doc, id_sip_departamento, usu_cre, fec_cre, doc_estado) VALUES(38, 'LLALLAGUA', 7, 'admin', now(), 'A');
INSERT INTO gp_regional (id_sip_regional, descripcion_doc, id_sip_departamento, usu_cre, fec_cre, doc_estado) VALUES(39, 'SANTA CRUZ DE LA SIERRA', 8, 'admin', now(), 'A');
INSERT INTO gp_regional (id_sip_regional, descripcion_doc, id_sip_departamento, usu_cre, fec_cre, doc_estado) VALUES(40, 'PUERTO SUAREZ', 8, 'admin', now(), 'A');
INSERT INTO gp_regional (id_sip_regional, descripcion_doc, id_sip_departamento, usu_cre, fec_cre, doc_estado) VALUES(41, 'VALLEGRANDE', 8, 'admin', now(), 'A');
INSERT INTO gp_regional (id_sip_regional, descripcion_doc, id_sip_departamento, usu_cre, fec_cre, doc_estado) VALUES(42, 'MONTERO', 8, 'admin', now(), 'A');
INSERT INTO gp_regional (id_sip_regional, descripcion_doc, id_sip_departamento, usu_cre, fec_cre, doc_estado) VALUES(43, 'SAN IGNACIO DE VELASCO', 8, 'admin', now(), 'A');
INSERT INTO gp_regional (id_sip_regional, descripcion_doc, id_sip_departamento, usu_cre, fec_cre, doc_estado) VALUES(47, 'CAMIRI', 8, 'admin', now(), 'A');
INSERT INTO gp_regional (id_sip_regional, descripcion_doc, id_sip_departamento, usu_cre, fec_cre, doc_estado) VALUES(51, 'TARIJA', 9, 'admin', now(), 'A');
INSERT INTO gp_regional (id_sip_regional, descripcion_doc, id_sip_departamento, usu_cre, fec_cre, doc_estado) VALUES(52, 'VILLAMONTES', 9, 'admin', now(), 'A');
INSERT INTO gp_regional (id_sip_regional, descripcion_doc, id_sip_departamento, usu_cre, fec_cre, doc_estado) VALUES(53, 'BERMEJO', 9, 'admin', now(), 'A');
INSERT INTO gp_regional (id_sip_regional, descripcion_doc, id_sip_departamento, usu_cre, fec_cre, doc_estado) VALUES(54, 'TARIJA', 9, 'admin', now(), 'A');
INSERT INTO gp_regional (id_sip_regional, descripcion_doc, id_sip_departamento, usu_cre, fec_cre, doc_estado) VALUES(55, 'TRINIDAD', 1, 'admin', '2023-01-29 21:42:00.671', 'A');
INSERT INTO gp_regional (id_sip_regional, descripcion_doc, id_sip_departamento, usu_cre, fec_cre, doc_estado) VALUES(56, 'ACHACACHI', 4, 'admi', '2023-05-12 17:35:05.474', 'A');
INSERT INTO gp_regional (id_sip_regional, descripcion_doc, id_sip_departamento, usu_cre, fec_cre, doc_estado) VALUES(57, 'YACUIBA', 9, 'admin', '2023-08-01 16:23:58.376', 'A');

-- gp_agencia definition

-- Drop table

-- DROP TABLE gp_agencia;

CREATE TABLE gp_agencia (
	id_sip_agencia serial4 NOT NULL,
	direccion_agencia varchar(200) NOT NULL,
	id_sip_regional int4 NOT NULL,
	usu_cre varchar(25) NULL,
	fec_cre timestamp NULL DEFAULT now(),
	doc_estado varchar(10) NOT NULL DEFAULT 'A'::character varying,
	descripcion_agencia varchar NULL
);

INSERT INTO gp_agencia (id_sip_agencia, direccion_agencia, id_sip_regional, usu_cre, fec_cre, doc_estado, descripcion_agencia) VALUES(0, '', 0, 'admin', now(), 'A', 'NO IDENTIFICADO');
INSERT INTO gp_agencia (id_sip_agencia, direccion_agencia, id_sip_regional, usu_cre, fec_cre, doc_estado, descripcion_agencia) VALUES(1, '', 41, 'admin', now(), 'A', 'VALLEGRANDE');
INSERT INTO gp_agencia (id_sip_agencia, direccion_agencia, id_sip_regional, usu_cre, fec_cre, doc_estado, descripcion_agencia) VALUES(2, '', 55, 'admin', now(), 'A', 'TRINIDAD');
INSERT INTO gp_agencia (id_sip_agencia, direccion_agencia, id_sip_regional, usu_cre, fec_cre, doc_estado, descripcion_agencia) VALUES(3, '', 3, 'admin', now(), 'A', 'SANTA ANA DE YACUMA');
INSERT INTO gp_agencia (id_sip_agencia, direccion_agencia, id_sip_regional, usu_cre, fec_cre, doc_estado, descripcion_agencia) VALUES(4, '', 43, 'admin', now(), 'A', 'SAN IGNACIO DE VELASCO');
INSERT INTO gp_agencia (id_sip_agencia, direccion_agencia, id_sip_regional, usu_cre, fec_cre, doc_estado, descripcion_agencia) VALUES(5, '', 4, 'admin', now(), 'A', 'RURRENABAQUE');
INSERT INTO gp_agencia (id_sip_agencia, direccion_agencia, id_sip_regional, usu_cre, fec_cre, doc_estado, descripcion_agencia) VALUES(6, '', 1, 'admin', now(), 'A', 'RIBERALTA');
INSERT INTO gp_agencia (id_sip_agencia, direccion_agencia, id_sip_regional, usu_cre, fec_cre, doc_estado, descripcion_agencia) VALUES(7, '', 39, 'admin', now(), 'A', 'RENTADIGNIDAD');
INSERT INTO gp_agencia (id_sip_agencia, direccion_agencia, id_sip_regional, usu_cre, fec_cre, doc_estado, descripcion_agencia) VALUES(8, '', 39, 'admin', now(), 'A', 'RENTA DIG');
INSERT INTO gp_agencia (id_sip_agencia, direccion_agencia, id_sip_regional, usu_cre, fec_cre, doc_estado, descripcion_agencia) VALUES(9, '', 39, 'admin', now(), 'A', 'REGIONAL SC');
INSERT INTO gp_agencia (id_sip_agencia, direccion_agencia, id_sip_regional, usu_cre, fec_cre, doc_estado, descripcion_agencia) VALUES(10, '', 39, 'admin', now(), 'A', 'PUERTO SUAREZ');
INSERT INTO gp_agencia (id_sip_agencia, direccion_agencia, id_sip_regional, usu_cre, fec_cre, doc_estado, descripcion_agencia) VALUES(11, '', 39, 'admin', now(), 'A', 'PLAN 3000');
INSERT INTO gp_agencia (id_sip_agencia, direccion_agencia, id_sip_regional, usu_cre, fec_cre, doc_estado, descripcion_agencia) VALUES(12, '', 42, 'admin', now(), 'A', 'MONTERO');
INSERT INTO gp_agencia (id_sip_agencia, direccion_agencia, id_sip_regional, usu_cre, fec_cre, doc_estado, descripcion_agencia) VALUES(13, '', 39, 'admin', now(), 'A', 'MONTERO');
INSERT INTO gp_agencia (id_sip_agencia, direccion_agencia, id_sip_regional, usu_cre, fec_cre, doc_estado, descripcion_agencia) VALUES(14, '', 2, 'admin', now(), 'A', 'MAGDALENA');
INSERT INTO gp_agencia (id_sip_agencia, direccion_agencia, id_sip_regional, usu_cre, fec_cre, doc_estado, descripcion_agencia) VALUES(15, '', 39, 'admin', now(), 'A', 'INDANA');
INSERT INTO gp_agencia (id_sip_agencia, direccion_agencia, id_sip_regional, usu_cre, fec_cre, doc_estado, descripcion_agencia) VALUES(16, '', 33, 'admin', now(), 'A', 'COBIJA');
INSERT INTO gp_agencia (id_sip_agencia, direccion_agencia, id_sip_regional, usu_cre, fec_cre, doc_estado, descripcion_agencia) VALUES(17, '', 47, 'admin', now(), 'A', 'CAMIRI');
INSERT INTO gp_agencia (id_sip_agencia, direccion_agencia, id_sip_regional, usu_cre, fec_cre, doc_estado, descripcion_agencia) VALUES(19, '', 57, 'admin', now(), 'A', 'YACUIBA');
INSERT INTO gp_agencia (id_sip_agencia, direccion_agencia, id_sip_regional, usu_cre, fec_cre, doc_estado, descripcion_agencia) VALUES(20, '', 52, 'admin', now(), 'A', 'VILLAMONTES');
INSERT INTO gp_agencia (id_sip_agencia, direccion_agencia, id_sip_regional, usu_cre, fec_cre, doc_estado, descripcion_agencia) VALUES(21, '', 51, 'admin', now(), 'A', 'TARIJA');
INSERT INTO gp_agencia (id_sip_agencia, direccion_agencia, id_sip_regional, usu_cre, fec_cre, doc_estado, descripcion_agencia) VALUES(22, '', 9, 'admin', now(), 'A', 'SAN PEDRO');
INSERT INTO gp_agencia (id_sip_agencia, direccion_agencia, id_sip_regional, usu_cre, fec_cre, doc_estado, descripcion_agencia) VALUES(23, '', 5, 'admin', now(), 'A', 'MONTEAGUDO');
INSERT INTO gp_agencia (id_sip_agencia, direccion_agencia, id_sip_regional, usu_cre, fec_cre, doc_estado, descripcion_agencia) VALUES(24, '', 16, 'admin', now(), 'A', 'IVIRGARZAMA');
INSERT INTO gp_agencia (id_sip_agencia, direccion_agencia, id_sip_regional, usu_cre, fec_cre, doc_estado, descripcion_agencia) VALUES(25, '', 6, 'admin', now(), 'A', 'ESPAÑA');
INSERT INTO gp_agencia (id_sip_agencia, direccion_agencia, id_sip_regional, usu_cre, fec_cre, doc_estado, descripcion_agencia) VALUES(26, '', 8, 'admin', now(), 'A', 'CAMARGO');
INSERT INTO gp_agencia (id_sip_agencia, direccion_agencia, id_sip_regional, usu_cre, fec_cre, doc_estado, descripcion_agencia) VALUES(27, '', 53, 'admin', now(), 'A', 'BERMEJO');
INSERT INTO gp_agencia (id_sip_agencia, direccion_agencia, id_sip_regional, usu_cre, fec_cre, doc_estado, descripcion_agencia) VALUES(28, '', 6, 'admin', now(), 'A', 'AYACUCHO');
INSERT INTO gp_agencia (id_sip_agencia, direccion_agencia, id_sip_regional, usu_cre, fec_cre, doc_estado, descripcion_agencia) VALUES(29, '', 9, 'admin', now(), 'A', 'ANTEZANA');
INSERT INTO gp_agencia (id_sip_agencia, direccion_agencia, id_sip_regional, usu_cre, fec_cre, doc_estado, descripcion_agencia) VALUES(30, '', 17, 'admin', now(), 'A', 'AIQUILE');
INSERT INTO gp_agencia (id_sip_agencia, direccion_agencia, id_sip_regional, usu_cre, fec_cre, doc_estado, descripcion_agencia) VALUES(31, '', 9, 'admin', now(), 'A', '25 DE MAYO');
INSERT INTO gp_agencia (id_sip_agencia, direccion_agencia, id_sip_regional, usu_cre, fec_cre, doc_estado, descripcion_agencia) VALUES(32, '', 34, 'admin', now(), 'A', 'POTOSÍ OFICINA REGIONAL');
INSERT INTO gp_agencia (id_sip_agencia, direccion_agencia, id_sip_regional, usu_cre, fec_cre, doc_estado, descripcion_agencia) VALUES(33, '', 18, 'admin', now(), 'A', 'ORURO OFICINA REGIONAL');
INSERT INTO gp_agencia (id_sip_agencia, direccion_agencia, id_sip_regional, usu_cre, fec_cre, doc_estado, descripcion_agencia) VALUES(34, '', 31, 'admin', now(), 'A', 'ORURO OFICINA REGIONAL');
INSERT INTO gp_agencia (id_sip_agencia, direccion_agencia, id_sip_regional, usu_cre, fec_cre, doc_estado, descripcion_agencia) VALUES(35, '', 18, 'admin', now(), 'A', 'MIRAFLORES AGENCIA URBANA');
INSERT INTO gp_agencia (id_sip_agencia, direccion_agencia, id_sip_regional, usu_cre, fec_cre, doc_estado, descripcion_agencia) VALUES(36, '', 18, 'admin', now(), 'A', 'SUBSUELO AGENCIA URBANA GUNDLACH');
INSERT INTO gp_agencia (id_sip_agencia, direccion_agencia, id_sip_regional, usu_cre, fec_cre, doc_estado, descripcion_agencia) VALUES(37, '', 18, 'admin', now(), 'A', 'GUNDLACH AGENCIA URBANA');
INSERT INTO gp_agencia (id_sip_agencia, direccion_agencia, id_sip_regional, usu_cre, fec_cre, doc_estado, descripcion_agencia) VALUES(39, '', 27, 'admin', now(), 'A', 'TELEFERICO - AGENCIA URBANA EL ALTO');
INSERT INTO gp_agencia (id_sip_agencia, direccion_agencia, id_sip_regional, usu_cre, fec_cre, doc_estado, descripcion_agencia) VALUES(40, '', 27, 'admin', now(), 'A', 'CIUDAD SATELITE - AGENCIA URBANA EL ALTO');
INSERT INTO gp_agencia (id_sip_agencia, direccion_agencia, id_sip_regional, usu_cre, fec_cre, doc_estado, descripcion_agencia) VALUES(41, '', 18, 'admin', now(), 'A', 'TRES CRUCES AGENCIA URBANA EDIFICIO');
INSERT INTO gp_agencia (id_sip_agencia, direccion_agencia, id_sip_regional, usu_cre, fec_cre, doc_estado, descripcion_agencia) VALUES(42, '', 18, 'admin', now(), 'A', 'CALACOTO AGENCIA URBANA');
INSERT INTO gp_agencia (id_sip_agencia, direccion_agencia, id_sip_regional, usu_cre, fec_cre, doc_estado, descripcion_agencia) VALUES(43, '', 37, 'admin', now(), 'A', 'UYUNI AGENCIA RURAL');
INSERT INTO gp_agencia (id_sip_agencia, direccion_agencia, id_sip_regional, usu_cre, fec_cre, doc_estado, descripcion_agencia) VALUES(44, '', 34, 'admin', now(), 'A', 'TUPIZA AGENCIA RURAL');
INSERT INTO gp_agencia (id_sip_agencia, direccion_agencia, id_sip_regional, usu_cre, fec_cre, doc_estado, descripcion_agencia) VALUES(45, '', 38, 'admin', now(), 'A', 'LLALLAGUA AGENCIA RURAL');
INSERT INTO gp_agencia (id_sip_agencia, direccion_agencia, id_sip_regional, usu_cre, fec_cre, doc_estado, descripcion_agencia) VALUES(46, '', 30, 'admin', now(), 'A', 'COPACABANA AGENCIA RURAL');
INSERT INTO gp_agencia (id_sip_agencia, direccion_agencia, id_sip_regional, usu_cre, fec_cre, doc_estado, descripcion_agencia) VALUES(47, '', 29, 'admin', now(), 'A', 'CARANAVI AGENCIA RURAL');
INSERT INTO gp_agencia (id_sip_agencia, direccion_agencia, id_sip_regional, usu_cre, fec_cre, doc_estado, descripcion_agencia) VALUES(48, '', 56, 'admin', now(), 'A', 'ACHACACHI AGENCIA RURAL');



('carolina.yanapa',
'maria.callisaya',
'daniel.condarco',
'ronald.miranda',
'daniela.burgoa',
'monica.romero',
'rober.mamani',
'valeria.aberanga',
'julio.fernandez',
'esther.padilla',
'luis.alvarez',
'freddy.ortiz',
'pamela.quisbert',
'bryam.mamani',
'mireya.quelca',
'mildreth.guarachi',
'ivett.juarez',
'jhoel.rodriguez',
'beatriz.paredes',
'david.ortuno')



